EmployeeID,OverTime,MonthlyIncome,Age,TotalWorkingYears,YearsAtCompany,YearsInCurrentRole,YearsWithCurrManager,StockOptionLevel,Attrition (Actual),PredictedAttrition,Risk (Probability)
457,0.0,0.03682312040120785,0.6319638410674021,-0.5535913378581735,-0.8088473909102605,-0.6252818913170465,-0.5956401720368059,0.2833930205169583,0,0,0.05
289,0.0,0.2095076086009251,-0.856452189126644,-0.17918287709494263,0.468645484003799,-0.07214791053658234,1.3502403370521154,2.6724752173850206,1,0,0.13
323,0.0,-0.7951645395119208,-0.43119046621405943,0.44483122417710874,1.1073919214608288,1.58725403180481,1.6282232669219614,0.2833930205169583,0,0,0.01
31,0.0,-0.5689168388047464,1.3761718561644252,-0.9279997986214042,-0.8088473909102605,-0.6252818913170465,-0.5956401720368059,0.2833930205169583,0,0,0.035
428,1.0,-0.8731310689146674,0.20670211815481748,-0.4287885176037632,-0.8088473909102605,-0.6252818913170465,-0.5956401720368059,-0.9111480779170729,1,1,0.805
198,0.0,2.5983441633253967,0.7382792717955482,1.8176622469756218,2.8639446244676607,1.310687041414578,2.4621720565314993,1.4779341189509894,0,0,0.02
482,0.0,-0.8437643655322006,-0.856452189126644,-0.6783941581125837,-0.8088473909102605,-0.6252818913170465,-0.8736231019066518,-0.9111480779170729,1,1,0.34
174,0.0,0.36606109071731546,0.3130175488829636,-0.4287885176037632,-0.010414344088973286,0.7575530606341138,0.2383086175727318,0.2833930205169583,0,0,0.18
507,0.0,-0.941170825343059,1.4824872868925714,-0.17918287709494263,-0.4894741721817456,-0.6252818913170465,-0.31765724216696,1.4779341189509894,0,0,0.095
594,0.0,-0.8214291263399018,0.8445947025236944,-0.4287885176037632,-0.8088473909102605,-0.6252818913170465,-0.5956401720368059,1.4779341189509894,0,0,0.02
352,1.0,-0.9320712834499003,-0.856452189126644,-0.5535913378581735,-0.010414344088973286,0.7575530606341138,0.7942744773124236,-0.9111480779170729,1,1,0.65
294,1.0,-1.0391977084648147,-1.4943447734955209,-1.3024082593846351,-1.1282206096387752,-1.1784158720975106,-1.1516060317764978,1.4779341189509894,1,0,0.305
759,0.0,-0.6115192394863533,-1.2817139120392287,-0.5535913378581735,-0.649160781546003,-0.6252818913170465,-0.5956401720368059,2.6724752173850206,0,0,0.105
869,0.0,-0.5596104891412886,-0.0059287433014748306,0.6944368646859294,-0.649160781546003,-0.9018488817072785,-0.5956401720368059,0.2833930205169583,0,0,0.095
960,0.0,-0.9362074388558815,-1.0690830505829363,-0.6783941581125837,-0.32978756281748817,-1.1784158720975106,-0.039674312297114094,-0.9111480779170729,0,0,0.135
139,1.0,1.3843825516698995,0.7382792717955482,1.4432537862123909,0.7880187027323139,1.863821022195042,1.9062061967918074,0.2833930205169583,0,0,0.04
192,1.0,-0.4274603239201876,-0.6438213276703517,-0.9279997986214042,-0.8088473909102605,-0.6252818913170465,-0.5956401720368059,0.2833930205169583,1,0,0.19
879,1.0,-0.23533590531235848,-0.43119046621405943,-0.6783941581125837,-0.17010095345323073,0.2044190798536497,-0.5956401720368059,0.2833930205169583,0,0,0.14
981,0.0,-0.32157474552706755,-1.0690830505829363,-0.4287885176037632,-0.17010095345323073,-0.6252818913170465,-1.1516060317764978,-0.9111480779170729,0,0,0.58
557,1.0,-0.8863667662138074,-1.1753984813110825,-1.3024082593846351,-0.9685340002745179,-1.1784158720975106,-1.1516060317764978,-0.9111480779170729,1,1,0.99
178,0.0,-0.7581459486283887,-0.3248750354859133,-0.4287885176037632,-0.4894741721817456,-0.6252818913170465,-0.31765724216696,-0.9111480779170729,1,0,0.325
737,1.0,-0.6586714111145395,-0.9627676198547902,-1.1776054391302249,-0.8088473909102605,-0.6252818913170465,-0.5956401720368059,-0.9111480779170729,1,1,0.65
370,0.0,2.441170257898109,0.5256484103392559,1.5680566064668013,2.7042580151034032,0.7575530606341138,1.3502403370521154,0.2833930205169583,0,0,0.0
706,0.0,-0.5192829739329714,-0.7501367583984979,-0.4287885176037632,-0.4894741721817456,-0.3487149009268144,-0.31765724216696,2.6724752173850206,0,0,0.035
168,0.0,-0.349493794517441,-0.9627676198547902,-0.6783941581125837,-0.32978756281748817,-0.9018488817072785,-0.039674312297114094,0.2833930205169583,0,0,0.06
465,1.0,-0.7507008688976224,-0.0059287433014748306,-0.4287885176037632,-0.17010095345323073,-0.07214791053658234,-0.31765724216696,-0.9111480779170729,0,1,0.455
70,0.0,0.6938514066413296,-1.0690830505829363,-0.5535913378581735,-0.010414344088973286,0.7575530606341138,0.7942744773124236,-0.9111480779170729,0,0,0.26
841,1.0,1.3583247726122176,0.3130175488829636,1.3184509659579806,-0.9685340002745179,-1.1784158720975106,-1.1516060317764978,-0.9111480779170729,1,0,0.19
978,0.0,-0.45000237088278544,1.6951181483488635,-0.803196978366994,-0.4894741721817456,-0.6252818913170465,-0.31765724216696,1.4779341189509894,0,0,0.075
409,0.0,-0.9115973141902931,-0.6438213276703517,-0.9279997986214042,-0.4894741721817456,-0.6252818913170465,-0.5956401720368059,0.2833930205169583,0,0,0.02
199,0.0,1.8201265236900244,1.6951181483488635,2.441676348247673,2.8639446244676607,1.0341200510243458,0.7942744773124236,-0.9111480779170729,0,0,0.045
695,1.0,2.213268095028542,1.8014335790770097,1.4432537862123909,-0.32978756281748817,-0.3487149009268144,-0.039674312297114094,-0.9111480779170729,0,0,0.375
436,1.0,-0.911183698649695,-0.3248750354859133,-1.3024082593846351,-0.9685340002745179,-0.9018488817072785,-1.1516060317764978,0.2833930205169583,0,0,0.47
59,0.0,-0.1418587931371822,1.8014335790770097,0.569634044431519,-0.17010095345323073,-0.6252818913170465,0.2383086175727318,0.2833930205169583,0,0,0.075
679,0.0,1.5494151523685515,2.120379871261448,2.5664791685020836,-0.9685340002745179,-1.1784158720975106,-1.1516060317764978,0.2833930205169583,0,0,0.035
628,0.0,1.693353360496699,1.6951181483488635,2.5664791685020836,-0.32978756281748817,-0.9018488817072785,-0.31765724216696,-0.9111480779170729,0,0,0.03
741,0.0,0.8628133549756637,0.6319638410674021,0.8192396849403396,-0.9685340002745179,-1.1784158720975106,-1.1516060317764978,0.2833930205169583,0,0,0.04
501,1.0,1.0940244421700156,-0.7501367583984979,-0.30398569734935293,0.3089588746395416,-0.9018488817072785,1.0722574071822695,1.4779341189509894,0,0,0.405
626,0.0,1.343020997610087,1.269856425436279,1.3184509659579806,0.3089588746395416,1.0341200510243458,-0.31765724216696,0.2833930205169583,0,0,0.14
657,0.0,-0.23843802186684443,2.3330107327177405,1.06884532544916,-0.4894741721817456,-0.3487149009268144,-0.31765724216696,-0.9111480779170729,0,0,0.355
447,0.0,0.635531615416994,-0.11224417402962099,0.569634044431519,0.9477053120965714,1.310687041414578,2.184189126661653,0.2833930205169583,0,0,0.06
449,0.0,-0.7618684884937718,2.014064440533302,0.8192396849403396,-0.32978756281748817,-0.07214791053658234,-0.31765724216696,0.2833930205169583,0,0,0.075
798,0.0,0.6973671387364136,-0.43119046621405943,-0.4287885176037632,-0.32978756281748817,-0.07214791053658234,-0.5956401720368059,-0.9111480779170729,0,0,0.13
237,0.0,2.1783175818480007,0.6319638410674021,1.3184509659579806,-0.4894741721817456,-0.9018488817072785,-1.1516060317764978,0.2833930205169583,0,0,0.04
1052,0.0,0.3629589741628295,1.6951181483488635,0.8192396849403396,1.1073919214608288,0.7575530606341138,1.6282232669219614,-0.9111480779170729,0,0,0.06
88,0.0,-0.8532775229659574,-0.43119046621405943,-0.9279997986214042,-0.649160781546003,-0.9018488817072785,-0.5956401720368059,-0.9111480779170729,0,0,0.295
141,0.0,-1.0774571459701412,-1.7069756349518133,-1.3024082593846351,-0.9685340002745179,-1.1784158720975106,-1.1516060317764978,-0.9111480779170729,1,1,0.86
215,0.0,-0.785651382078164,-0.5375058969422056,-1.3024082593846351,-0.9685340002745179,-1.1784158720975106,-1.1516060317764978,2.6724752173850206,0,0,0.22
740,0.0,-0.5362412110974946,-0.3248750354859133,-0.803196978366994,-0.649160781546003,-0.6252818913170465,-0.5956401720368059,-0.9111480779170729,0,0,0.21
109,0.0,-0.8739582999958637,-1.3880293427673749,-1.0528026188758146,-0.8088473909102605,-0.6252818913170465,-0.8736231019066518,1.4779341189509894,0,0,0.215
273,0.0,-1.1155097757051688,-1.7069756349518133,-1.4272110796390454,-1.1282206096387752,-1.1784158720975106,-1.1516060317764978,-0.9111480779170729,0,0,0.325
86,1.0,0.6737910529223206,-0.21855960475776715,-0.17918287709494263,-0.4894741721817456,-1.1784158720975106,-0.31765724216696,0.2833930205169583,0,0,0.305
362,1.0,-0.7651774128185568,-1.8132910656799595,-1.3024082593846351,-0.9685340002745179,-1.1784158720975106,-1.1516060317764978,-0.9111480779170729,1,1,0.91
208,1.0,-0.4092612401338701,-1.0690830505829363,-0.6783941581125837,-0.17010095345323073,0.2044190798536497,-0.039674312297114094,1.4779341189509894,0,0,0.15
467,0.0,-0.8967071547287606,0.7382792717955482,-0.6783941581125837,-1.1282206096387752,-1.1784158720975106,-1.1516060317764978,-0.9111480779170729,0,1,0.38
684,0.0,1.9766800058064147,-0.43119046621405943,-0.17918287709494263,-0.17010095345323073,-0.9018488817072785,0.2383086175727318,0.2833930205169583,0,0,0.05
783,1.0,0.03682312040120785,1.269856425436279,-0.5535913378581735,-0.010414344088973286,0.7575530606341138,0.7942744773124236,1.4779341189509894,0,0,0.35
518,1.0,0.6671732042727505,-0.6438213276703517,-0.17918287709494263,0.468645484003799,1.0341200510243458,0.5162915474425778,0.2833930205169583,0,0,0.155
499,0.0,0.026689539656553785,2.120379871261448,0.44483122417710874,-0.649160781546003,-0.6252818913170465,-0.5956401720368059,-0.9111480779170729,0,0,0.16
952,0.0,-0.9271078969627228,-0.11224417402962099,-0.4287885176037632,-0.32978756281748817,-0.6252818913170465,-0.039674312297114094,0.2833930205169583,0,0,0.015
307,0.0,-0.40243658371400104,-0.0059287433014748306,-0.9279997986214042,-0.9685340002745179,-1.1784158720975106,-1.1516060317764978,-0.9111480779170729,0,0,0.19
667,0.0,-0.30006673741596507,-0.5375058969422056,-0.30398569734935293,-0.32978756281748817,-0.3487149009268144,-0.31765724216696,0.2833930205169583,0,0,0.04
886,0.0,-0.1821863083454994,0.10038668742667133,-0.17918287709494263,-0.8088473909102605,-0.6252818913170465,-0.5956401720368059,0.2833930205169583,0,0,0.045
549,0.0,0.20909399306032697,2.3330107327177405,2.0672678874844426,2.2251981870106308,3.2466559741462024,1.3502403370521154,-0.9111480779170729,0,0,0.03
777,0.0,0.7898102120600946,1.5888027176207173,0.8192396849403396,0.14927226527528414,0.48098607024388174,-1.1516060317764978,-0.9111480779170729,0,0,0.11
429,1.0,0.43720296370019296,0.10038668742667133,-0.30398569734935293,0.14927226527528414,0.7575530606341138,0.7942744773124236,1.4779341189509894,0,0,0.1
318,0.0,-0.6197915502983158,-0.0059287433014748306,-0.4287885176037632,-0.649160781546003,-0.6252818913170465,-0.5956401720368059,-0.9111480779170729,0,0,0.165
333,0.0,-0.9074611587843118,0.41933297961110977,-0.5535913378581735,-0.32978756281748817,-1.1784158720975106,-0.039674312297114094,0.2833930205169583,0,0,0.015
761,0.0,-0.42766713169048665,-0.9627676198547902,-0.17918287709494263,0.468645484003799,-1.1784158720975106,1.0722574071822695,0.2833930205169583,0,0,0.075
967,0.0,-0.010122243456679352,-0.7501367583984979,-0.6783941581125837,-0.32978756281748817,-0.07214791053658234,-0.039674312297114094,-0.9111480779170729,0,0,0.34
662,0.0,-0.438627943516337,-0.3248750354859133,0.07042276341387792,-0.9685340002745179,-1.1784158720975106,-1.1516060317764978,0.2833930205169583,0,0,0.405
754,0.0,-1.037129630761824,-2.0259219271362516,-1.4272110796390454,-1.1282206096387752,-1.1784158720975106,-1.1516060317764978,-0.9111480779170729,0,0,0.67
275,0.0,-0.37575838134542194,-0.3248750354859133,0.569634044431519,1.4267651401893435,2.4169550029755063,1.6282232669219614,-0.9111480779170729,0,0,0.01
551,1.0,0.27775417279961573,1.5888027176207173,2.0672678874844426,-0.32978756281748817,-0.07214791053658234,-0.039674312297114094,-0.9111480779170729,0,0,0.205
734,0.0,0.19048129373341133,-0.6438213276703517,0.1952255836682882,-0.010414344088973286,0.7575530606341138,0.7942744773124236,2.6724752173850206,0,0,0.06
96,0.0,0.03847758256360035,-0.6438213276703517,-0.17918287709494263,0.468645484003799,1.310687041414578,1.0722574071822695,-0.9111480779170729,0,0,0.19
442,0.0,-0.0922249282654072,-1.2817139120392287,-0.6783941581125837,-0.17010095345323073,0.2044190798536497,-0.039674312297114094,-0.9111480779170729,0,0,0.32
49,0.0,0.8237266863891409,-0.0059287433014748306,0.6944368646859294,1.1073919214608288,-0.9018488817072785,0.7942744773124236,-0.9111480779170729,1,0,0.235
872,0.0,-0.9498567516956197,-0.7501367583984979,-1.3024082593846351,-0.9685340002745179,-1.1784158720975106,-1.1516060317764978,0.2833930205169583,1,1,0.295
948,0.0,1.4214011425534316,0.3130175488829636,1.06884532544916,1.7461383589178585,0.7575530606341138,2.4621720565314993,-0.9111480779170729,0,0,0.015
572,0.0,-0.049002104272903114,0.20670211815481748,0.07042276341387792,0.14927226527528414,-0.3487149009268144,0.5162915474425778,0.2833930205169583,0,0,0.05
76,0.0,-0.3827898455355901,-1.600660204223667,-0.9279997986214042,-0.8088473909102605,-0.6252818913170465,-0.5956401720368059,1.4779341189509894,0,0,0.095
10,1.0,-0.15943745361260253,-0.6438213276703517,-0.17918287709494263,0.3089588746395416,0.7575530606341138,0.2383086175727318,1.4779341189509894,0,0,0.36
522,0.0,-0.8847123040514149,0.8445947025236944,1.06884532544916,1.586451749553601,1.310687041414578,3.0181379162711908,0.2833930205169583,0,0,0.01
753,0.0,-0.018187746498342792,-0.3248750354859133,-0.6783941581125837,-0.649160781546003,-0.6252818913170465,-0.5956401720368059,0.2833930205169583,0,0,0.01
381,0.0,2.2829623136193264,0.5256484103392559,1.4432537862123909,2.3848847963748883,0.48098607024388174,0.7942744773124236,0.2833930205169583,0,0,0.035
430,0.0,-0.6654960675344086,-0.43119046621405943,-0.4287885176037632,-0.4894741721817456,-0.3487149009268144,-0.31765724216696,2.6724752173850206,1,0,0.075
536,0.0,-0.2750429972097785,-1.1753984813110825,-0.4287885176037632,0.14927226527528414,0.7575530606341138,0.7942744773124236,0.2833930205169583,0,0,0.025
408,1.0,0.6994352164394043,2.2266953019895945,2.441676348247673,0.468645484003799,1.310687041414578,1.3502403370521154,-0.9111480779170729,1,0,0.235
781,0.0,0.2883013690848679,-0.21855960475776715,0.07042276341387792,0.6283320933680565,1.310687041414578,1.3502403370521154,1.4779341189509894,0,0,0.07
411,1.0,-0.8977411935802558,-0.7501367583984979,-1.0528026188758146,-0.9685340002745179,-1.1784158720975106,-1.1516060317764978,-0.9111480779170729,1,1,0.995
665,0.0,-0.8305286682330605,-0.6438213276703517,-1.1776054391302249,-0.8088473909102605,-0.6252818913170465,-0.5956401720368059,0.2833930205169583,1,0,0.035
425,1.0,-0.9521316371689094,-0.21855960475776715,-0.17918287709494263,0.468645484003799,-0.6252818913170465,1.0722574071822695,0.2833930205169583,1,0,0.29
158,0.0,-0.015085629943856853,0.10038668742667133,0.3200284039226985,-0.9685340002745179,-1.1784158720975106,-1.1516060317764978,-0.9111480779170729,0,0,0.39
1057,0.0,-0.8894688827682934,-1.9196064964081057,-1.3024082593846351,-1.1282206096387752,-1.1784158720975106,-1.1516060317764978,-0.9111480779170729,1,1,0.7
136,1.0,1.0100604874285963,0.10038668742667133,0.07042276341387792,0.6283320933680565,1.58725403180481,1.3502403370521154,0.2833930205169583,0,0,0.09
388,0.0,0.5776254397332564,-0.7501367583984979,0.07042276341387792,0.468645484003799,1.310687041414578,-0.039674312297114094,0.2833930205169583,0,0,0.095
365,1.0,-0.21693001375574192,1.5888027176207173,0.8192396849403396,0.468645484003799,1.310687041414578,1.3502403370521154,1.4779341189509894,0,0,0.2
210,1.0,-0.815431701001229,1.3761718561644252,-1.0528026188758146,-0.649160781546003,-0.6252818913170465,-0.5956401720368059,-0.9111480779170729,1,0,0.39
107,1.0,1.3577043493013203,0.5256484103392559,1.06884532544916,-0.9685340002745179,-1.1784158720975106,-1.1516060317764978,-0.9111480779170729,0,0,0.21
1028,0.0,-0.689692576659399,-0.856452189126644,-0.4287885176037632,-0.010414344088973286,0.2044190798536497,-0.8736231019066518,1.4779341189509894,0,0,0.145
887,0.0,0.8396508847021688,1.8014335790770097,0.1952255836682882,0.3089588746395416,-0.07214791053658234,-1.1516060317764978,0.2833930205169583,0,0,0.095
113,0.0,-0.303168853970451,1.907749009805156,0.07042276341387792,0.3089588746395416,0.7575530606341138,-0.31765724216696,-0.9111480779170729,1,0,0.045
873,0.0,0.16256224474303788,-1.0690830505829363,-0.30398569734935293,0.3089588746395416,0.7575530606341138,0.7942744773124236,-0.9111480779170729,0,0,0.12
405,0.0,1.455524424652777,-0.0059287433014748306,0.569634044431519,-0.32978756281748817,-0.6252818913170465,-0.5956401720368059,-0.9111480779170729,0,0,0.03
485,0.0,-0.4237377840548045,-1.3880293427673749,-0.9279997986214042,-0.8088473909102605,-0.6252818913170465,-1.1516060317764978,-0.9111480779170729,1,1,0.6433333333333333
589,0.0,-0.7602140263313792,1.5888027176207173,0.07042276341387792,-0.32978756281748817,-0.07214791053658234,-0.039674312297114094,-0.9111480779170729,0,0,0.215
916,0.0,0.8725333201797196,0.9509101332518405,0.1952255836682882,0.14927226527528414,0.7575530606341138,0.7942744773124236,0.2833930205169583,0,0,0.035
101,0.0,-0.4597223360868414,-0.5375058969422056,-0.4287885176037632,-0.32978756281748817,-0.6252818913170465,-0.31765724216696,0.2833930205169583,0,0,0.025
896,0.0,2.750554682265507,1.3761718561644252,1.1936481457035704,-0.32978756281748817,-0.07214791053658234,-0.039674312297114094,-0.9111480779170729,0,0,0.07
371,1.0,-0.7686931449136408,-0.43119046621405943,-0.4287885176037632,0.14927226527528414,0.7575530606341138,-1.1516060317764978,-0.9111480779170729,0,1,0.485
78,0.0,-0.43490540365095387,0.5256484103392559,-0.5535913378581735,-0.17010095345323073,0.2044190798536497,-0.039674312297114094,2.6724752173850206,0,0,0.05
712,0.0,-0.3170249745804882,-0.21855960475776715,0.569634044431519,-0.9685340002745179,-1.1784158720975106,-1.1516060317764978,0.2833930205169583,0,1,0.66
575,1.0,0.33958969611903544,-0.856452189126644,-0.5535913378581735,-0.010414344088973286,0.7575530606341138,0.7942744773124236,1.4779341189509894,0,0,0.255
810,1.0,1.4375321486367585,1.907749009805156,2.816084809010904,4.14143749938172,1.310687041414578,-1.1516060317764978,0.2833930205169583,0,0,0.095
83,0.0,0.06267409168859067,-0.6438213276703517,-0.17918287709494263,0.14927226527528414,0.7575530606341138,0.7942744773124236,0.2833930205169583,0,0,0.035
327,0.0,-0.6857632290237168,-0.9627676198547902,-0.803196978366994,-0.32978756281748817,-0.3487149009268144,-0.5956401720368059,-0.9111480779170729,0,0,0.41
792,0.0,-1.0766299148889449,-2.0259219271362516,-1.4272110796390454,-1.1282206096387752,-1.1784158720975106,-1.1516060317764978,-0.9111480779170729,1,0,0.305
184,1.0,-0.050863374205594676,0.3130175488829636,-0.4287885176037632,-0.17010095345323073,-0.07214791053658234,-1.1516060317764978,1.4779341189509894,1,0,0.14
23,0.0,-0.6483310225995864,-0.7501367583984979,-0.17918287709494263,0.468645484003799,0.7575530606341138,1.3502403370521154,2.6724752173850206,0,0,0.01
398,0.0,0.06329451499948786,-0.6438213276703517,-0.30398569734935293,0.3089588746395416,1.0341200510243458,-1.1516060317764978,0.2833930205169583,0,0,0.135
529,1.0,-0.8208087030290045,-0.6438213276703517,-1.0528026188758146,-0.8088473909102605,-0.6252818913170465,-0.5956401720368059,-0.9111480779170729,0,1,0.72
39,0.0,0.7434852715131046,-0.21855960475776715,0.6944368646859294,0.14927226527528414,0.2044190798536497,0.5162915474425778,-0.9111480779170729,0,0,0.11
30,1.0,-0.09387939042779969,-0.6438213276703517,0.07042276341387792,-0.010414344088973286,0.7575530606341138,0.7942744773124236,-0.9111480779170729,1,1,0.485
875,1.0,-0.8907097293900877,-0.856452189126644,-1.3024082593846351,-0.9685340002745179,-1.1784158720975106,-1.1516060317764978,0.2833930205169583,1,1,0.79
809,0.0,-0.8541047540471537,-0.43119046621405943,-0.5535913378581735,-0.9685340002745179,-0.9018488817072785,-1.1516060317764978,-0.9111480779170729,0,1,0.35
331,0.0,0.4343076549160061,-1.0690830505829363,-0.30398569734935293,0.3089588746395416,1.0341200510243458,0.7942744773124236,-0.9111480779170729,0,0,0.305
1054,1.0,0.255418933607317,0.10038668742667133,-0.17918287709494263,-0.9685340002745179,-1.1784158720975106,-1.1516060317764978,-0.9111480779170729,0,0,0.44
54,0.0,-0.9200764327725546,2.3330107327177405,-0.5535913378581735,-0.9685340002745179,-1.1784158720975106,-1.1516060317764978,0.2833930205169583,0,0,0.48
346,0.0,-0.6264093989478858,-1.3880293427673749,-0.6783941581125837,-0.4894741721817456,-0.3487149009268144,-0.5956401720368059,-0.9111480779170729,0,1,0.44
404,1.0,-0.8919505760118821,-0.43119046621405943,-0.803196978366994,-0.8088473909102605,-0.6252818913170465,-0.5956401720368059,-0.9111480779170729,1,1,0.57
675,0.0,-0.607176276310073,1.3761718561644252,-0.803196978366994,-0.649160781546003,-0.6252818913170465,-0.5956401720368059,0.2833930205169583,0,0,0.03
280,0.0,1.4577993101260667,-0.6438213276703517,-0.30398569734935293,-0.8088473909102605,-0.6252818913170465,-0.5956401720368059,0.2833930205169583,0,0,0.065
576,1.0,-0.6332340553677549,-0.0059287433014748306,-0.4287885176037632,0.14927226527528414,0.7575530606341138,0.7942744773124236,0.2833930205169583,0,0,0.135
3,1.0,0.1718685944064957,0.3130175488829636,-0.6783941581125837,-0.4894741721817456,-0.3487149009268144,-0.5956401720368059,2.6724752173850206,0,0,0.32
867,0.0,-0.6563965256412498,0.8445947025236944,-0.30398569734935293,-0.17010095345323073,0.2044190798536497,-0.31765724216696,-0.9111480779170729,0,0,0.11
350,1.0,-0.3102003181606191,-0.7501367583984979,-0.17918287709494263,0.468645484003799,1.0341200510243458,-1.1516060317764978,1.4779341189509894,0,0,0.185
355,0.0,-0.8859531506732093,-0.11224417402962099,-0.6783941581125837,-0.32978756281748817,-0.07214791053658234,-0.31765724216696,-0.9111480779170729,0,0,0.085
708,0.0,-0.6034537364446898,0.7382792717955482,-0.30398569734935293,-0.32978756281748817,-0.6252818913170465,-0.039674312297114094,-0.9111480779170729,0,1,0.51
504,0.0,0.06681024709457192,-0.43119046621405943,-0.6783941581125837,-0.32978756281748817,-1.1784158720975106,-0.039674312297114094,-0.9111480779170729,0,0,0.39
692,0.0,0.76437285631331,0.3130175488829636,0.3200284039226985,0.6283320933680565,1.58725403180481,-0.8736231019066518,0.2833930205169583,0,0,0.15
58,0.0,-0.7873058442405565,-1.4943447734955209,-0.803196978366994,-0.649160781546003,-0.6252818913170465,-0.5956401720368059,0.2833930205169583,0,0,0.05
63,0.0,0.7472078113784878,1.907749009805156,1.5680566064668013,-0.9685340002745179,-1.1784158720975106,-1.1516060317764978,0.2833930205169583,0,0,0.07
789,0.0,-0.48143715196824294,-1.0690830505829363,-0.6783941581125837,-0.8088473909102605,-0.6252818913170465,-1.1516060317764978,0.2833930205169583,0,0,0.185
845,0.0,-0.524659975960747,0.5256484103392559,-0.17918287709494263,0.468645484003799,-0.6252818913170465,-0.5956401720368059,1.4779341189509894,0,0,0.22
100,0.0,0.4260353441040436,0.10038668742667133,0.07042276341387792,0.14927226527528414,-0.3487149009268144,0.7942744773124236,-0.9111480779170729,0,0,0.165
481,1.0,-0.8325967459360512,-1.8132910656799595,-1.3024082593846351,-0.9685340002745179,-1.1784158720975106,-1.1516060317764978,-0.9111480779170729,1,1,0.97
309,1.0,0.8369623836882809,0.9509101332518405,1.1936481457035704,0.468645484003799,1.310687041414578,0.2383086175727318,0.2833930205169583,0,0,0.06
451,0.0,-0.7707612226166315,0.10038668742667133,-1.0528026188758146,-0.8088473909102605,-0.6252818913170465,-0.5956401720368059,0.2833930205169583,0,0,0.01
946,1.0,-0.3319151340420207,0.9509101332518405,0.569634044431519,-0.4894741721817456,-0.6252818913170465,-0.5956401720368059,0.2833930205169583,0,0,0.355
974,0.0,-0.6075898918506711,-0.11224417402962099,-0.9279997986214042,-0.9685340002745179,-1.1784158720975106,-1.1516060317764978,1.4779341189509894,0,0,0.285
213,0.0,2.0616779993993295,0.41933297961110977,1.3184509659579806,1.7461383589178585,3.2466559741462024,1.0722574071822695,0.2833930205169583,0,0,0.01
286,1.0,-0.37327668810183323,-0.6438213276703517,-0.6783941581125837,-0.32978756281748817,-0.6252818913170465,-0.31765724216696,0.2833930205169583,0,0,0.185
528,0.0,-0.026253249540006234,-0.11224417402962099,-0.6783941581125837,-0.17010095345323073,0.2044190798536497,-0.31765724216696,-0.9111480779170729,0,0,0.1
332,0.0,0.9043817168057753,1.1635409947081328,1.942465067230032,1.2670785308250863,1.863821022195042,1.0722574071822695,-0.9111480779170729,0,0,0.025
895,0.0,-1.1068238493526081,-0.7501367583984979,-1.3024082593846351,-0.9685340002745179,-1.1784158720975106,-1.1516060317764978,1.4779341189509894,0,0,0.105
66,0.0,-0.8280469749894718,-0.43119046621405943,-0.5535913378581735,-0.649160781546003,-0.6252818913170465,-0.8736231019066518,-0.9111480779170729,0,0,0.29
328,1.0,2.662868187658704,1.269856425436279,2.441676348247673,3.8220642806532052,1.310687041414578,1.3502403370521154,0.2833930205169583,0,0,0.07
67,0.0,-0.8917437682415831,-0.5375058969422056,-0.9279997986214042,-0.649160781546003,-1.1784158720975106,-0.5956401720368059,0.2833930205169583,0,0,0.015
554,0.0,1.1463468080556785,0.20670211815481748,1.1936481457035704,1.7461383589178585,0.7575530606341138,0.2383086175727318,2.6724752173850206,1,0,0.075
12,0.0,-0.428701170541982,0.20670211815481748,1.06884532544916,2.0655115776463733,0.7575530606341138,1.6282232669219614,-0.9111480779170729,0,0,0.09
308,0.0,-0.3947846962129357,-0.21855960475776715,0.44483122417710874,0.6283320933680565,1.310687041414578,1.3502403370521154,-0.9111480779170729,0,0,0.01
256,0.0,-0.2831085002514419,0.6319638410674021,-0.30398569734935293,0.3089588746395416,0.7575530606341138,-1.1516060317764978,0.2833930205169583,0,0,0.07
925,1.0,2.323496636597943,0.5256484103392559,1.1936481457035704,2.0655115776463733,1.0341200510243458,1.6282232669219614,-0.9111480779170729,0,0,0.115
543,1.0,-0.491570732712897,-0.21855960475776715,-0.30398569734935293,0.3089588746395416,0.48098607024388174,-0.8736231019066518,-0.9111480779170729,0,0,0.55
583,0.0,-0.18859734922477034,-0.3248750354859133,-0.6783941581125837,-0.17010095345323073,0.2044190798536497,-0.31765724216696,-0.9111480779170729,0,0,0.035
682,1.0,-0.19976496882091974,2.2266953019895945,0.07042276341387792,-0.32978756281748817,-0.3487149009268144,-0.5956401720368059,0.2833930205169583,0,0,0.185
296,0.0,0.1658711690678229,-0.0059287433014748306,0.07042276341387792,-0.32978756281748817,-0.3487149009268144,-0.31765724216696,-0.9111480779170729,0,0,0.255
782,1.0,-0.1468221796243597,-0.21855960475776715,-0.4287885176037632,-0.9685340002745179,-1.1784158720975106,-0.8736231019066518,-0.9111480779170729,1,0,0.6
558,1.0,-0.8501754064114715,0.5256484103392559,-0.4287885176037632,-0.8088473909102605,-0.9018488817072785,-0.5956401720368059,-0.9111480779170729,0,1,0.745
904,1.0,-0.5546471026541111,0.10038668742667133,-0.6783941581125837,-0.649160781546003,-0.6252818913170465,-0.5956401720368059,-0.9111480779170729,0,1,0.46
954,0.0,0.001252183909769089,0.8445947025236944,-0.30398569734935293,0.14927226527528414,0.7575530606341138,-0.8736231019066518,-0.9111480779170729,0,0,0.27
976,0.0,-0.8960867314178633,-1.1753984813110825,-1.3024082593846351,-0.9685340002745179,-1.1784158720975106,-0.8736231019066518,-0.9111480779170729,1,1,0.735
688,0.0,-0.8104683145140514,-0.43119046621405943,0.1952255836682882,0.3089588746395416,0.7575530606341138,0.7942744773124236,-0.9111480779170729,1,0,0.055
247,0.0,-0.41463824216164574,-1.0690830505829363,-1.0528026188758146,-0.649160781546003,-0.6252818913170465,-0.5956401720368059,2.6724752173850206,0,0,0.07
277,0.0,-0.6057286219179795,0.8445947025236944,0.07042276341387792,0.468645484003799,1.310687041414578,1.0722574071822695,1.4779341189509894,0,0,0.025
756,0.0,-0.8030232347832852,-0.11224417402962099,0.8192396849403396,1.586451749553601,2.4169550029755063,2.740154986401345,-0.9111480779170729,1,0,0.055
2,0.0,1.4267781445812073,0.5256484103392559,1.4432537862123909,2.0655115776463733,-0.07214791053658234,1.0722574071822695,0.2833930205169583,0,0,0.045
900,0.0,2.1659091156300567,1.5888027176207173,1.8176622469756218,0.3089588746395416,1.0341200510243458,1.0722574071822695,0.2833930205169583,0,0,0.035
1032,0.0,-0.9304168212875078,-1.3880293427673749,-1.3024082593846351,-0.9685340002745179,-1.1784158720975106,-1.1516060317764978,0.2833930205169583,0,1,0.81
590,0.0,-0.772829300319622,-1.2817139120392287,-1.1776054391302249,-0.8088473909102605,-0.6252818913170465,-0.8736231019066518,1.4779341189509894,0,0,0.235
964,0.0,-0.8305286682330605,0.10038668742667133,-0.9279997986214042,-0.4894741721817456,-0.6252818913170465,-0.31765724216696,2.6724752173850206,0,0,0.015
1035,0.0,0.004147492693955965,-0.21855960475776715,0.6944368646859294,1.586451749553601,1.863821022195042,1.0722574071822695,-0.9111480779170729,0,0,0.17
650,1.0,-0.5029451600793454,-1.2817139120392287,-0.803196978366994,-0.32978756281748817,-0.3487149009268144,-0.31765724216696,-0.9111480779170729,0,0,0.25
824,0.0,0.17890005859666383,-0.0059287433014748306,0.07042276341387792,-0.17010095345323073,0.2044190798536497,-0.5956401720368059,-0.9111480779170729,0,0,0.075
351,0.0,-0.07319861339789344,-1.1753984813110825,-0.6783941581125837,-0.32978756281748817,-0.3487149009268144,-0.039674312297114094,1.4779341189509894,0,0,0.02
359,0.0,-0.828667398300369,0.10038668742667133,-0.4287885176037632,-1.1282206096387752,-1.1784158720975106,-1.1516060317764978,-0.9111480779170729,0,0,0.155
506,0.0,-0.2475375637600032,-0.3248750354859133,-0.17918287709494263,0.14927226527528414,0.7575530606341138,0.7942744773124236,1.4779341189509894,0,0,0.02
260,0.0,-0.6464697526668949,-0.0059287433014748306,-0.5535913378581735,-0.17010095345323073,0.2044190798536497,-0.31765724216696,-0.9111480779170729,0,0,0.145
1023,0.0,-0.8797489175642375,2.2266953019895945,-1.1776054391302249,-0.8088473909102605,-0.6252818913170465,-0.5956401720368059,1.4779341189509894,0,0,0.08
801,0.0,-0.8863667662138074,-0.856452189126644,-0.6783941581125837,-0.17010095345323073,0.2044190798536497,0.2383086175727318,-0.9111480779170729,0,0,0.345
1016,0.0,-0.8131568155279393,-1.3880293427673749,-1.3024082593846351,-0.9685340002745179,-1.1784158720975106,-1.1516060317764978,2.6724752173850206,0,1,0.775
319,1.0,0.20805995420883167,-0.21855960475776715,-0.17918287709494263,0.14927226527528414,0.7575530606341138,-1.1516060317764978,-0.9111480779170729,0,0,0.42
816,1.0,-0.38196261445439383,-0.9627676198547902,-0.4287885176037632,0.14927226527528414,0.7575530606341138,0.2383086175727318,-0.9111480779170729,0,0,0.365
244,0.0,0.4905593684373511,-0.5375058969422056,-0.30398569734935293,0.3089588746395416,1.0341200510243458,0.7942744773124236,-0.9111480779170729,0,0,0.245
218,0.0,0.8015982549671412,1.8014335790770097,2.6912819887564936,-0.32978756281748817,-0.07214791053658234,-0.039674312297114094,0.2833930205169583,0,0,0.195
652,0.0,0.8996251380888969,1.907749009805156,1.4432537862123909,-0.649160781546003,-0.6252818913170465,-0.5956401720368059,0.2833930205169583,0,0,0.015
743,1.0,0.4839415197877811,-0.21855960475776715,0.44483122417710874,-0.010414344088973286,0.7575530606341138,0.7942744773124236,2.6724752173850206,0,0,0.3
790,0.0,0.618986993793069,0.9509101332518405,-0.30398569734935293,0.3089588746395416,1.0341200510243458,0.7942744773124236,-0.9111480779170729,1,0,0.245
477,0.0,-0.4049182769575898,-0.5375058969422056,-0.30398569734935293,0.14927226527528414,0.7575530606341138,0.7942744773124236,2.6724752173850206,0,0,0.045
1002,1.0,-0.5095630087289155,-1.3880293427673749,-0.803196978366994,-0.32978756281748817,-0.07214791053658234,-0.31765724216696,1.4779341189509894,0,0,0.31
440,1.0,0.7649932796242072,-0.11224417402962099,0.569634044431519,1.4267651401893435,0.7575530606341138,0.7942744773124236,0.2833930205169583,1,0,0.065
106,0.0,-0.3848579232385807,0.6319638410674021,-0.9279997986214042,-0.9685340002745179,-1.1784158720975106,-1.1516060317764978,0.2833930205169583,0,0,0.29
578,0.0,0.572868861016378,0.9509101332518405,0.6944368646859294,-0.4894741721817456,-0.6252818913170465,-0.31765724216696,0.2833930205169583,0,0,0.11
55,0.0,-0.28145403808904945,0.5256484103392559,-0.054380056840532355,-0.32978756281748817,-0.3487149009268144,-0.5956401720368059,0.2833930205169583,0,0,0.015
120,1.0,-0.5989039654981104,-0.5375058969422056,-0.9279997986214042,-0.649160781546003,-0.6252818913170465,-0.5956401720368059,-0.9111480779170729,1,1,0.605
649,0.0,2.565875343388444,0.3130175488829636,1.1936481457035704,2.0655115776463733,1.0341200510243458,1.3502403370521154,0.2833930205169583,0,0,0.005
25,0.0,-0.7686931449136408,-0.9627676198547902,-0.803196978366994,-0.649160781546003,-0.6252818913170465,-0.5956401720368059,0.2833930205169583,1,0,0.025
72,0.0,2.671760921781564,0.41933297961110977,1.4432537862123909,2.3848847963748883,2.9700889837559705,1.0722574071822695,-0.9111480779170729,1,0,0.015
334,0.0,-0.6067626607694748,-0.11224417402962099,0.07042276341387792,0.6283320933680565,1.58725403180481,0.7942744773124236,-0.9111480779170729,0,0,0.03
44,0.0,-0.7978530405258086,-0.3248750354859133,0.3200284039226985,-0.010414344088973286,-0.3487149009268144,0.7942744773124236,0.2833930205169583,0,0,0.045
306,1.0,2.5683570366320327,1.907749009805156,3.190493269774135,4.620497327474492,1.58725403180481,2.4621720565314993,-0.9111480779170729,0,1,0.605
